Tile Index,Sub-Tile Index,Building Density,Building Height Avg,Building Height Stdev,Tree Density,Tree Height Avg,Tree Height Stdev,Shadow Factor 8am (With CDSM),Shadow Factor 12pm (With CDSM),Shadow Factor 4pm (With CDSM),Sky View Factor (With CDSM),Shadow Factor 8am (Without CDSM),Shadow Factor 12pm (Without CDSM),Shadow Factor 4pm (Without CDSM),Sky View Factor (Without CDSM)
2532_1153,00,11.1525,5.422551155090332,3.2937514781951904,4.2475,2.9434961742201295,2.330110455278756,,,,,,,,
2532_1153,01,0.0,0.0,0.0,0.165,2.378787878787879,1.2280207223001292,0.8913907,0.9303723,0.91840315,,0.9490731,0.9999752,0.99555707,
2532_1153,02,4.9275,3.496702194213867,1.7978407144546509,0.0,0.0,0.0,0.9360919,0.9973802,0.9807813,,0.9360919,0.9973802,0.9807813,
2532_1153,03,0.6125,2.6285715103149414,0.7855843901634216,13.767499999999998,10.788087888142364,7.452600641523588,0.86408514,0.9264999,0.90428317,,0.9455077,0.9995289,0.99076843,
2532_1153,04,0.0025,1.0,0.0,28.075,12.989047195013358,9.280834879716267,0.6831635,0.7326797,0.6483484,,0.903641,0.99237645,0.9940224,
2532_1153,10,2.705,9.198705673217773,3.203550338745117,2.9925,3.237259816207185,2.386718018692092,,,,,,,,
2532_1153,11,1.875,9.923999786376953,3.4615347385406494,1.915,2.3120104438642297,1.3326731141332993,0.88143325,0.95329285,0.9309487,,0.9288218,0.9946506,0.9550598,
2532_1153,12,1.7925,9.775453567504883,4.234553813934326,10.6025,8.2746993633577,4.622433208006634,0.85496145,0.9376091,0.9169789,,0.93362886,0.99720776,0.98402286,
2532_1153,13,8.62,10.375,3.4730536937713623,9.9325,6.428391643594261,5.504565924417692,0.67048407,0.8177148,0.77793753,,0.87729234,0.9880129,0.95513034,
2532_1153,14,21.8425,8.243905067443848,3.075287342071533,10.2425,5.448132780082988,3.3903633846323045,0.73733926,0.89971924,0.7625629,,0.86804056,0.9828117,0.8715544,
2532_1153,20,4.365,10.171248435974121,4.114887237548828,4.87,2.78388090349076,2.2312432723104862,,,,,,,,
2532_1153,21,19.3975,10.68681526184082,3.722230911254883,11.735,2.4273540690242865,1.8305232730686927,0.73721623,0.865859,0.6386703,,0.84573853,0.9648902,0.77176887,
2532_1153,22,10.4375,10.478322982788086,4.180988788604736,25.155,6.571755118266746,5.473465498944766,0.46728045,0.55638736,0.44731396,,0.79064953,0.8465403,0.75942725,
2532_1153,23,13.889999999999999,5.906947612762451,3.394265651702881,23.4725,4.42901267440622,4.453161368747989,0.61736375,0.7920263,0.5273891,,0.8398946,0.97326124,0.827078,
2532_1153,24,11.92,6.05683708190918,2.7527289390563965,37.8625,11.483856058104985,7.442174141087169,0.35277802,0.5311227,0.36860025,,0.8085737,0.982334,0.8835044,
2532_1153,30,15.76,6.419257640838623,3.1824517250061035,20.572499999999998,4.029286669097096,3.5311908438086,,,,,,,,
2532_1153,31,16.275000000000002,9.62949275970459,4.428478240966797,14.057500000000001,3.5963009069891516,3.2869631052731463,0.5281248,0.6961788,0.5812906,,0.8246448,0.9693848,0.8573883,
2532_1153,32,27.855,7.7563276290893555,4.215874671936035,13.885,2.658624414836154,2.1747044754105755,0.58498883,0.7368149,0.5303488,,0.7711299,0.94441307,0.70607567,
2532_1153,33,16.5475,5.749962329864502,4.121973037719727,28.8925,4.1689884918231375,3.7366469651462015,0.5293708,0.596076,0.34599274,,0.8640603,0.9115362,0.6801733,
2532_1153,34,14.32,11.840258598327637,5.480234146118164,25.142500000000002,7.623148056080342,5.360817515637836,0.42975986,0.63473135,0.18790053,,0.88355356,0.9728694,0.642718,
2532_1153,40,25.545,6.53082799911499,3.259669303894043,24.1875,3.288062015503876,2.8661469001085105,,,,,,,,
2532_1153,41,18.3825,7.954712390899658,4.534107208251953,30.595,4.31091681647328,3.721708790208359,0.4949226,0.62034106,0.25485787,,0.8192506,0.9128007,0.54249054,
2532_1153,42,21.55,8.889443397521973,4.712520599365234,19.23,3.795501820072803,3.4484413634423556,0.45409423,0.5984131,0.27936572,,0.7492659,0.8933185,0.49450323,
2532_1153,43,18.01,13.921571731567383,6.908205509185791,22.89,5.6976845784185235,4.563770645258024,0.49781883,0.6063824,0.29502803,,0.88736755,0.95072496,0.7458394,
2532_1153,44,15.4725,14.36015510559082,6.333672046661377,16.5425,7.469094755931691,6.404787127834705,0.424635,0.57737124,0.28016257,,0.8006396,0.88237596,0.7820965,
2534_1152,00,1.41,3.1489362716674805,1.1906025409698486,24.5475,4.239535594256035,3.888697579483614,,,,,,,,
2534_1152,01,13.032499999999999,6.099942684173584,1.9348158836364746,18.065,6.310822031552727,4.638016258356349,0.39667517,0.5264655,0.36154705,,0.96148694,0.9890632,0.94205445,
2534_1152,02,0.0,0.0,0.0,15.575,15.96115569823435,8.216733109833248,0.76479495,0.7891863,0.63944805,,0.99086654,1.0,0.946239,
2534_1152,03,20.6075,7.66880989074707,3.1075167655944824,8.475000000000001,9.520058997050148,6.970780481946968,0.8530337,0.8683848,0.67869234,,0.97190034,0.99144304,0.91070634,
2534_1152,04,0.54,2.6990740299224854,0.9657078981399536,70.2175,15.463274824651974,8.778020848424065,0.53444415,0.58215487,0.45085257,,0.9715464,0.99784267,0.88473105,
2534_1152,10,0.0,0.0,0.0,0.77,1.051948051948052,0.22192217520305274,,,,,,,,
2534_1152,11,1.0250000000000001,3.487804889678955,0.8121621608734131,21.0575,17.144841505401875,11.723542350872036,,,,,,,,
2534_1152,12,4.01,16.985036849975586,3.3850598335266113,14.015,14.36603638958259,9.93439856975068,0.70917386,0.79985344,0.58363676,,0.9764252,0.9934214,0.95153284,
2534_1152,13,11.7975,7.6172919273376465,2.993063449859619,41.5125,11.872688949111714,7.735630536131751,0.51477635,0.6290445,0.447128,,0.94633615,0.9899903,0.9114642,
2534_1152,14,7.86,9.421119689941406,5.411867141723633,44.372499999999995,10.323173136514733,7.611311859524572,0.37650108,0.50976026,0.25570953,,0.9032771,0.9914292,0.87532985,
2534_1152,20,0.0,0.0,0.0,5.6975,11.00043878894252,8.462108703149001,,,,,,,,
2534_1152,21,2.8850000000000002,3.7001733779907227,1.1687214374542236,39.725,11.346444304594085,7.633765475628114,0.38501054,0.48026204,0.4353951,,0.96746254,0.99849164,0.9671991,
2534_1152,22,2.0125,4.775155067443848,1.137886881828308,45.375,12.289476584022038,7.478818906279438,0.38236925,0.461796,0.41901767,,0.96223164,0.99862075,0.95820946,
2534_1152,23,28.37,10.85433578491211,6.0592498779296875,13.98,4.475858369098712,2.8881368052739265,0.78063095,0.8473468,0.7182807,,0.91536033,0.97846246,0.89644,
2534_1152,24,15.425,16.430631637573242,6.109386444091797,10.945,4.560986751941526,3.0690327801857444,0.8014246,0.86214215,0.7038764,,0.90052664,0.9613017,0.8232671,
2534_1152,30,0.0,0.0,0.0,17.6425,9.857729913561004,7.39712555412857,,,,,,,,
2534_1152,31,0.0,0.0,0.0,66.5775,12.690736359881342,7.998908398404683,0.29342264,0.3377728,0.12351085,,0.9731785,1.0,0.9726587,
2534_1152,32,7.2700000000000005,2.9700825214385986,1.5902900695800781,35.85,9.473152022315203,7.059858945852045,0.28195322,0.31844595,0.20856674,,0.95464194,0.9957214,0.9538666,
2534_1152,33,0.9175000000000001,1.9264304637908936,0.751045823097229,16.064999999999998,4.801587301587301,3.923443068320514,0.61516154,0.75105,0.63528764,,0.9398842,0.9831751,0.9300393,
2534_1152,34,21.7875,15.729202270507812,8.261149406433105,19.5675,6.551169030279801,4.793636608675969,0.6099257,0.7473824,0.628097,,0.8674276,0.95132446,0.88121027,
2534_1152,40,0.0,0.0,0.0,0.4,1.31875,0.4920858029856175,,,,,,,,
2534_1152,41,0.9450000000000001,3.3068783283233643,1.0620959997177124,43.669999999999995,9.648671857110145,7.428758271819981,,,,,,,,
2534_1152,42,3.7150000000000003,3.933378219604492,1.8836272954940796,30.0275,6.670302222962285,5.112801325200223,0.40323305,0.49358505,0.3889081,,0.94614303,0.99576116,0.95421994,
2534_1152,43,1.0625,4.783529281616211,2.345500946044922,24.462500000000002,6.618191108840061,4.6610790426533955,0.65557945,0.73611593,0.5721544,,0.9641793,0.9985082,0.9654926,
2534_1152,44,12.5125,11.942657470703125,8.413567543029785,28.470000000000002,6.867579908675799,4.760309560437694,0.62546194,0.7228584,0.5037715,,0.9080194,0.9751972,0.85204816,
2534_1153,00,21.13,16.289398193359375,6.033783435821533,4.67,7.490364025695931,6.206425253599138,,,,,,,,
2534_1153,01,6.6925,10.417632102966309,5.617063045501709,2.8674999999999997,5.463818657367044,3.852472170681683,0.8617393,0.89893806,0.7602227,,0.8808287,0.9137083,0.7839913,
2534_1153,02,1.7850000000000001,5.169467926025391,2.870328903198242,56.9925,9.32320042110804,6.310406759061583,0.5484421,0.64329153,0.4528642,,0.95127237,0.99731004,0.9087128,
2534_1153,03,6.3549999999999995,24.79740333557129,10.683167457580566,50.1075,12.254003891632989,8.004426338047729,0.15312478,0.22378014,0.16188908,,0.870409,0.9838577,0.9033621,
2534_1153,04,21.565,19.526199340820312,9.054902076721191,19.035,6.0396637772524295,4.162827570040826,0.3416576,0.66325533,0.27818424,,0.5991913,0.92368096,0.5050192,
2534_1153,10,5.58,7.528225898742676,2.2376925945281982,8.195,5.338316046369737,3.9668319598406443,,,,,,,,
2534_1153,11,1.6925,5.658788681030273,1.6124423742294312,0.3025,2.8595041322314048,2.1098187816268106,0.89277667,0.91901135,0.8205297,,0.93817604,0.9700511,0.89619565,
2534_1153,12,2.8049999999999997,8.78074836730957,7.558333396911621,38.067499999999995,8.18178236028108,5.224372831264184,0.73234296,0.78887343,0.6943052,,0.96074224,0.9973638,0.9556304,
2534_1153,13,16.755,16.43106460571289,4.801671504974365,33.03,9.654405086285195,6.125615217602629,0.31824267,0.43355352,0.1753788,,0.78830045,0.9319587,0.6914384,
2534_1153,14,21.462500000000002,12.618520736694336,6.730866432189941,14.555000000000001,5.536241841291653,4.053401965963782,0.3939991,0.62097704,0.32929656,,0.623382,0.8458147,0.5097291,
2534_1153,20,0.0,0.0,0.0,0.29750000000000004,1.6722689075630253,0.6095768431368785,,,,,,,,
2534_1153,21,0.7175,3.564460039138794,1.3698564767837524,14.215,9.568061906436862,6.426033601783472,0.8425802,0.89518446,0.8665334,,0.9585929,0.9994174,0.98863435,
2534_1153,22,5.6899999999999995,4.1898064613342285,1.80703604221344,21.8725,6.080466339010172,3.8250898478288744,0.4960651,0.6330317,0.5040734,,0.8966337,0.99538887,0.9708933,
2534_1153,23,25.0975,12.558422088623047,4.906714916229248,17.822499999999998,4.914013185580025,3.409250535037745,0.53457314,0.64820147,0.4385438,,0.8387897,0.91994584,0.7906672,
2534_1153,24,31.885,12.582326889038086,10.448384284973145,6.36,3.002751572327044,2.264972956073165,0.49216542,0.71389234,0.42080733,,0.5317646,0.7868376,0.4705692,
2534_1153,30,6.4525,10.456412315368652,3.152236223220825,12.6925,6.601733307071105,4.504450445133626,,,,,,,,
2534_1153,31,2.7675,9.40018081665039,3.225872039794922,46.035,11.313620071684587,7.717871434890668,0.6885575,0.7607713,0.716875,,0.9039787,0.99585724,0.96020555,
2534_1153,32,5.36,6.197761058807373,3.003429889678955,5.0625,3.560493827160494,3.2958514519273736,0.6872635,0.77600896,0.68189347,,0.9449944,0.97735035,0.88867176,
2534_1153,33,31.412499999999998,10.242021560668945,4.985382556915283,12.2525,3.6078351356865945,2.962124339402229,0.6184933,0.80138415,0.57028216,,0.7612554,0.92925787,0.7499516,
2534_1153,34,22.1,10.131673812866211,8.009981155395508,0.28500000000000003,3.2982456140350878,1.7316953692709487,0.8003681,0.8642011,0.60845226,,0.8356317,0.89955544,0.63296545,
2534_1153,40,34.515,5.545342445373535,4.177323341369629,10.3125,3.5224242424242425,2.7932896108927543,,,,,,,,
2534_1153,41,24.0625,8.711688041687012,4.48214864730835,23.8975,5.579035463960666,5.407855780567998,0.4519411,0.6468611,0.35109478,,0.75632083,0.94699895,0.7266625,
2534_1153,42,34.7775,8.187118530273438,5.727273464202881,10.274999999999999,4.406569343065693,3.78901031662598,0.57784855,0.74614704,0.50003636,,0.746421,0.93851197,0.734619,
2534_1153,43,20.4375,10.239755630493164,5.296009540557861,4.635,4.87108953613808,4.4597075672396995,0.7401198,0.8990643,0.63847685,,0.8094326,0.9635126,0.72360075,
2534_1153,44,24.38,9.700163841247559,5.904674530029297,10.4025,6.249459264599856,4.008194600638028,0.69540614,0.82689524,0.71703076,,0.81597424,0.9474801,0.8542648,
2534_1155,00,22.05,6.257369518280029,3.4440419673919678,18.87,2.1955484896661366,1.553300093461066,,,,,,,,
2534_1155,01,20.674999999999997,5.265900611877441,2.6821610927581787,21.6875,2.8089913544668588,2.749660679602338,0.5098296,0.71039283,0.32848978,,0.81223965,0.95580155,0.5955628,
2534_1155,02,19.787499999999998,5.558686256408691,3.1024105548858643,19.265,3.5974565273812615,3.164396696961452,0.5522917,0.64349747,0.50277615,,0.86546355,0.9296993,0.839419,
2534_1155,03,8.870000000000001,5.375986576080322,2.564854145050049,15.479999999999999,7.005975452196383,5.556568076618434,0.5805733,0.7134114,0.4491446,,0.8624416,0.9701734,0.74946266,
2534_1155,04,18.709999999999997,6.165419578552246,2.656416416168213,20.95,4.358472553699284,3.43603584046782,0.585461,0.7240162,0.48293692,,0.89945185,0.967888,0.8043741,
2534_1155,10,11.035,7.515405654907227,5.983826160430908,44.3925,8.031593174522724,6.574182269597267,,,,,,,,
2534_1155,11,12.4825,4.690165996551514,1.8622547388076782,48.1475,9.395088010800146,6.520951528233824,0.34352338,0.47371674,0.3483644,,0.82837737,0.9924246,0.9096683,
2534_1155,12,5.1075,10.933920860290527,2.727112293243408,33.0025,7.604196651768805,4.920202009261963,0.44857192,0.56497353,0.3900693,,0.84438795,0.96606135,0.8741777,
2534_1155,13,5.1175,5.145578861236572,3.051793336868286,22.96,7.736824912891986,5.975003333196881,0.6417631,0.7691675,0.5690579,,0.8328142,0.9827182,0.8773193,
2534_1155,14,9.815,6.471981525421143,3.2583768367767334,49.885000000000005,8.912699208178811,7.298617449859595,0.42480198,0.55612946,0.3973186,,0.8385356,0.9857147,0.8674743,
2534_1155,20,12.657499999999999,9.579300880432129,7.767558574676514,21.942500000000003,4.795146405377691,3.8910430098273108,,,,,,,,
2534_1155,21,24.87,8.358765602111816,5.926168918609619,10.41,6.367195004803074,4.029000265654928,0.44609576,0.5075564,0.42909342,,0.91439295,0.9506962,0.9307097,
2534_1155,22,13.977500000000001,8.216776847839355,3.8356335163116455,8.14,6.697174447174447,4.423226264977839,0.67263186,0.77670085,0.62814695,,0.93205786,0.9881223,0.96651524,
2534_1155,23,20.3425,7.156691551208496,2.2733020782470703,8.98,3.3872494432071267,2.861129561488292,0.7933763,0.8925866,0.7905954,,0.9003443,0.98556,0.9425252,
2534_1155,24,0.5725,4.344978332519531,1.2393593788146973,70.77,11.600501624982337,7.829938488092883,0.5171277,0.60632455,0.52198905,,0.8858489,0.99859774,0.96155703,
2534_1155,30,21.25,10.699058532714844,5.430829048156738,21.0625,7.858160237388724,5.112729229687838,,,,,,,,
2534_1155,31,7.71,9.986381530761719,5.798593044281006,10.424999999999999,5.658513189448441,4.572195259613512,0.68239933,0.7927425,0.5786439,,0.848459,0.92863727,0.7613433,
2534_1155,32,2.56,6.1455078125,1.7703392505645752,8.75,5.661142857142857,4.218060333801763,0.72472525,0.8804721,0.85835636,,0.88682145,0.9987149,0.9638846,
2534_1155,33,6.905,6.395727634429932,1.574883222579956,16.8325,3.3222931828308333,2.6206410214532423,0.66820186,0.8653354,0.78444976,,0.87024534,0.99257195,0.9489639,
2534_1155,34,5.235,4.68099308013916,2.621535062789917,26.7625,6.873797290985521,5.081976285361924,0.66298425,0.7921761,0.7074659,,0.88573956,0.99513763,0.97663784,
2534_1155,40,20.0625,8.352273941040039,4.345730781555176,18.475,5.253585926928282,4.533722388643248,,,,,,,,
2534_1155,41,17.2125,5.009150505065918,2.398026943206787,28.2775,4.316329237025904,3.6493868526280546,0.45488298,0.6757995,0.48073563,,0.7614151,0.9697455,0.8578547,
2534_1155,42,10.0625,4.720497131347656,2.0002832412719727,29.895,5.520655628031443,4.6651587479053065,0.5311477,0.6422498,0.45959234,,0.871522,0.98137814,0.9009192,
2534_1155,43,10.9125,4.343413352966309,1.7884843349456787,15.165000000000001,3.7456313880646226,3.8770357325978275,0.7124623,0.8145735,0.6980124,,0.88509154,0.9755002,0.8993362,
2534_1155,44,7.387499999999999,4.721827507019043,1.8797470331192017,19.825,4.4725094577553595,3.7959709685629637,0.7076104,0.8013294,0.6916068,,0.94194216,0.9876853,0.9388772,
2534_1156,00,22.37,6.664059162139893,3.434035062789917,18.5675,4.749966339033257,3.974956737870142,,,,,,,,
2534_1156,01,15.6975,7.337474346160889,3.325613498687744,15.5475,4.540440585303103,4.546283027938672,0.5137558,0.6865884,0.5487615,,0.82363904,0.9517225,0.83806765,
2534_1156,02,23.2025,5.303738594055176,2.819972038269043,24.3725,3.033131603241358,3.392507696654344,0.4897119,0.72846806,0.5308725,,0.74904895,0.94162893,0.8143852,
2534_1156,03,17.885,5.050042152404785,2.2306253910064697,24.55,4.678513238289206,4.4814856322229435,0.50638115,0.6876919,0.5246422,,0.7887533,0.974124,0.825428,
2534_1156,04,11.175,5.683444976806641,2.2795205116271973,29.3925,7.274049502424088,6.273507378562971,0.46791193,0.6627737,0.5311804,,0.7568442,0.94192386,0.8505465,
2534_1156,10,14.2425,4.670177459716797,2.040715456008911,19.195,3.8734045324303206,3.940838690754656,,,,,,,,
2534_1156,11,9.5025,4.912128448486328,2.1975955963134766,21.8525,4.8315982153071735,4.09944053726358,0.7363541,0.82688284,0.6671655,,0.8951639,0.9787785,0.88991946,
2534_1156,12,6.9175,4.842790126800537,2.1950936317443848,49.7875,8.908310318855134,6.036671657635139,0.1939232,0.37807402,0.21183129,,0.8578435,0.9688641,0.8616601,
2534_1156,13,3.225,5.2697672843933105,2.570573091506958,24.6225,9.838156157985582,6.929302424936876,0.44118875,0.5528567,0.39965737,,0.89718944,0.99305373,0.92293406,
2534_1156,14,7.08,4.492938041687012,2.296510696411133,13.5925,3.731469560419349,3.182683326638503,0.8109485,0.8687178,0.71117866,,0.96285427,0.99332774,0.92974555,
2534_1156,20,5.52,4.8962860107421875,2.349958658218384,73.7875,11.556971031678808,7.540179691613041,,,,,,,,
2534_1156,21,5.9425,5.276398658752441,2.4315106868743896,68.845,13.759169148086281,8.708597428792874,0.18769851,0.30377716,0.108473666,,0.7556224,0.98579085,0.7002449,
2534_1156,22,0.145,4.241379261016846,2.548226833343506,82.77250000000001,17.208613972031774,10.22198581630146,0.12782063,0.22001302,0.054928917,,0.77894235,0.9966954,0.756835,
2534_1156,23,0.0,0.0,0.0,73.235,14.063221137434287,9.62629523719445,0.07851732,0.1908786,0.12581055,,0.7456963,0.9952723,0.6930854,
2534_1156,24,0.0,0.0,0.0,57.8025,16.11712296180961,9.843784004029589,0.22915661,0.3264152,0.27911168,,0.83271456,0.99867576,0.67677784,
2534_1156,30,0.0,0.0,0.0,33.77,13.383328397986379,6.96567754937632,,,,,,,,
2534_1156,31,0.0,0.0,0.0,71.9925,13.094697364308782,7.098273256225159,0.24925525,0.28737715,0.15375212,,0.8871756,0.9999876,0.9186,
2534_1156,32,0.5425,1.3870967626571655,0.5408811569213867,27.4425,14.923476359661109,8.307724448909267,0.58012587,0.68448853,0.60494083,,0.93559563,0.9998267,0.9576496,
2534_1156,33,4.1125,5.503951549530029,3.2585842609405518,20.615,9.99114722289595,7.729371972697399,0.7540539,0.7807851,0.5971997,,0.94473624,0.9943067,0.9585414,
2534_1156,34,0.0,0.0,0.0,41.7525,9.314711693910544,7.836176163605705,0.60388815,0.6273099,0.541813,,0.8521323,0.9998144,0.98341626,
2534_1156,40,0.5575,5.605381011962891,1.962968349456787,30.1875,9.045300207039338,5.758955368715861,,,,,,,,
2534_1156,41,0.0,0.0,0.0,39.6175,14.63980564144633,8.991255964918283,0.519512,0.62183106,0.4479404,,0.88429743,0.99965346,0.94032323,
2534_1156,42,0.0,0.0,0.0,71.39999999999999,19.204341736694676,9.501126760587454,0.29202053,0.34050357,0.2253938,,0.79295063,0.9993069,0.81733125,
2534_1156,43,7.969999999999999,5.858531951904297,3.2278196811676025,59.22500000000001,13.686196707471508,8.741822896438416,0.18368426,0.29927236,0.19057158,,0.94274545,0.993062,0.8410944,
2534_1156,44,5.2124999999999995,5.470983028411865,3.3339684009552,18.395,5.139440065235118,4.083741097989053,0.47732598,0.59746104,0.47501007,,0.8301236,0.9315468,0.7345097,
2534_1157,00,1.8825,5.397078514099121,2.1969051361083984,7.6875,6.15609756097561,5.7069084698429124,,,,,,,,
2534_1157,01,0.4525,2.70165753364563,1.2028729915618896,36.035000000000004,14.001595670875538,7.537312776949735,0.49275407,0.65319574,0.6485263,,0.8696207,0.9988899,0.986443,
2534_1157,02,1.5675000000000001,2.9457736015319824,1.4510383605957031,58.36,11.97776730637423,7.618667836785222,0.35893172,0.4782297,0.4795793,,0.8530805,0.9987953,0.97219133,
2534_1157,03,0.69,5.0217390060424805,2.4948277473449707,36.0475,11.032249115750052,7.6167383512402695,0.3875628,0.5205947,0.50661814,,0.87100697,0.999727,0.99127066,
2534_1157,04,1.3325,3.5103189945220947,1.8836679458618164,15.595,3.113337608207759,2.360125848822965,0.66652215,0.843286,0.7863502,,0.89496434,0.9933665,0.96810985,
2534_1157,10,3.4125,5.574358940124512,2.1578211784362793,22.677500000000002,8.010803660015434,5.492149127984549,,,,,,,,
2534_1157,11,0.0,0.0,0.0,55.02,13.097737186477644,7.587921487145708,0.38772905,0.39417318,0.23739487,,0.97206753,1.0,0.9260538,
2534_1157,12,0.0,0.0,0.0,14.7425,11.052399525182295,6.76947643345453,0.67278457,0.69444555,0.511616,,0.9918443,1.0,0.93682086,
2534_1157,13,1.59,4.754716873168945,1.835934042930603,53.522499999999994,10.404222523237891,7.258818820225221,0.6302148,0.6519553,0.44844252,,0.97416604,0.9987135,0.9136581,
2534_1157,14,0.0,0.0,0.0,31.7925,15.1516867185657,9.134248134189868,0.31857714,0.355122,0.33057597,,0.94028616,1.0,0.97210467,
2534_1157,20,0.0,0.0,0.0,57.599999999999994,10.72482638888889,6.8098344661210595,,,,,,,,
2534_1157,21,0.0,0.0,0.0,46.1175,14.344066785927252,6.860453442763635,0.24827753,0.31824374,0.332818,,0.9786886,1.0,0.8779733,
2534_1157,22,0.0,0.0,0.0,6.345000000000001,11.457840819542946,5.969319674053039,0.7873311,0.8444437,0.8391814,,0.9957798,1.0,0.9642459,
2534_1157,23,0.0,0.0,0.0,0.31,6.508064516129032,2.638107727696965,0.9814141,0.9986915,0.9621078,,0.9847033,1.0,0.96980274,
2534_1157,24,0.0,0.0,0.0,0.7975,6.197492163009405,3.219531885272051,0.9630656,0.9682237,0.887707,,0.98852754,1.0,0.9543328,
2534_1157,30,0.0,0.0,0.0,35.2175,13.032086320721232,7.887175131357905,,,,,,,,
2534_1157,31,0.0,0.0,0.0,43.847500000000004,14.366611551399737,8.640618154879762,0.52906895,0.5884018,0.37794745,,0.82789934,0.9991948,0.77038157,
2534_1157,32,0.0,0.0,0.0,82.6075,18.787821929001606,11.420925247244167,0.12451105,0.21955219,0.14178115,,0.91922307,0.99991333,0.84842575,
2534_1157,33,0.0,0.0,0.0,55.852500000000006,17.82861107381048,10.169497577620453,0.14286058,0.2845535,0.30250144,,0.961746,0.9974258,0.8886166,
2534_1157,34,0.0,0.0,0.0,42.3275,14.257338609650937,9.439466332366285,0.4162283,0.54860103,0.49819,,0.9496671,1.0,0.9630703,
2534_1157,40,0.6725,3.6096653938293457,1.3133782148361206,6.950000000000001,5.133093525179856,4.440767457316142,,,,,,,,
2534_1157,41,0.0,0.0,0.0,10.5475,4.596112822943826,5.255766396075837,0.59259653,0.88145673,0.81739336,,0.7636931,0.99971503,0.94540215,
2534_1157,42,0.0,0.0,0.0,41.195,16.338997451146984,11.615795796846903,0.4563626,0.5611985,0.41766763,,0.78369343,0.9997525,0.91041064,
2534_1157,43,0.0,0.0,0.0,68.4375,15.84862100456621,7.72794179583034,0.3682545,0.37902194,0.25489146,,0.7510829,0.99955446,0.9002376,
2534_1157,44,0.0,0.0,0.0,82.315,16.38258519103444,9.98578466987637,0.14774695,0.16927576,0.07753719,,0.7716888,0.99632436,0.7962798,
2534_1158,00,0.0,0.0,0.0,25.295,12.859656058509588,8.994478504406294,,,,,,,,
2534_1158,01,0.0,0.0,0.0,86.925,19.457578372159908,10.79347517525748,0.10437539,0.15406674,0.11696727,,0.7377169,0.98034704,0.9077498,
2534_1158,02,0.0,0.0,0.0,96.6975,20.94436257400657,9.247948699034795,0.030280437,0.0470815,0.06797294,,0.9789362,0.99996287,0.9124403,
2534_1158,03,0.0,0.0,0.0,92.5925,17.92040392040392,9.791675870215721,0.036467165,0.0625206,0.072986186,,0.95187,1.0,0.97190666,
2534_1158,04,0.0,0.0,0.0,89.02250000000001,15.63565390771996,8.763743211977244,0.073070094,0.14577249,0.07072497,,0.9590975,0.9999876,0.98096585,
2534_1158,10,0.06999999999999999,2.0,0.7559289336204529,5.2425,12.402956604673342,7.473000253848232,,,,,,,,
2534_1158,11,0.20500000000000002,2.4390244483947754,0.7505698800086975,68.15,16.178539985326484,8.432260062041715,0.41718584,0.5084912,0.41966945,,0.8723423,0.9987253,0.96913445,
2534_1158,12,0.0,0.0,0.0,89.41,18.87557320210267,11.27189154980388,0.032589886,0.08595316,0.030073225,,0.797402,0.98470294,0.92320424,
2534_1158,13,0.0,0.0,0.0,84.73,20.45830874542665,9.658954995709902,0.041623227,0.07039565,0.030820154,,0.9504715,1.0,0.972117,
2534_1158,14,0.0,0.0,0.0,85.33,11.714051330130083,7.239566218055368,0.042094007,0.13717756,0.033880595,,0.9493577,1.0,0.96608996,
2534_1158,20,0.0,0.0,0.0,0.305,4.360655737704918,2.2618198598042203,,,,,,,,
2534_1158,21,0.0,0.0,0.0,18.5475,17.52055533090713,8.575345087909893,0.8676386,0.9105773,0.8344104,,0.95684516,1.0,0.9640727,
2534_1158,22,0.0,0.0,0.0,89.21,19.438151552516533,11.349407918314549,0.18148412,0.20597707,0.123106234,,0.908678,0.9984282,0.95312,
2534_1158,23,0.0,0.0,0.0,86.205,17.28438025636564,10.915397970713629,0.061177075,0.0705037,0.02839187,,0.9788248,1.0,0.8771689,
2534_1158,24,1.9574999999999998,3.6985950469970703,1.1031526327133179,75.02,12.215475873100507,8.195802510176058,0.093083724,0.10999051,0.048230145,,0.98770016,0.99918544,0.9293837,
2534_1158,30,0.0,0.0,0.0,2.045,3.863080684596577,2.006305779541234,,,,,,,,
2534_1158,31,6.075,6.426337242126465,2.8546626567840576,6.557499999999999,4.441097979412886,3.3558008020719763,0.882633,0.95429647,0.8857007,,0.93432146,0.9939908,0.95014316,
2534_1158,32,3.7175,7.422999382019043,2.912179470062256,26.900000000000002,14.351301115241636,8.31326749976882,0.7394017,0.79927397,0.6743223,,0.87384844,0.97393036,0.90855205,
2534_1158,33,0.0,0.0,0.0,38.67,12.736682182570467,9.128881051970708,0.631029,0.6485342,0.54913676,,0.8440756,0.9998144,0.9518329,
2534_1158,34,0.005,1.0,0.0,38.190000000000005,14.484485467399843,8.837574966101984,0.50051177,0.5308713,0.39222914,,0.87079525,0.99883664,0.8835796,
2534_1158,40,0.0,0.0,0.0,47.5725,14.057911608597404,8.438212836996925,,,,,,,,
2534_1158,41,0.0,0.0,0.0,16.17,17.627241805813235,7.429469226402169,0.62064075,0.7112386,0.6773493,,0.949172,0.9999505,0.9187149,
2534_1158,42,5.9475,6.57797384262085,2.353955030441284,1.135,2.1872246696035242,1.396255141759273,0.92891717,0.98793447,0.94607186,,0.9358733,0.99454105,0.95500135,
2534_1158,43,10.015,5.788567066192627,2.4194416999816895,3.0525,2.57985257985258,2.0125454956861706,0.89486426,0.9478613,0.89733887,,0.9347062,0.9872165,0.93848825,
2534_1158,44,39.235,10.086848258972168,3.5600638389587402,2.275,5.957142857142857,5.023606752500404,0.81547856,0.91319484,0.8009511,,0.84828484,0.9413552,0.8476443,
2535_1151,00,0.0,0.0,0.0,0.0,0.0,0.0,,,,,,,,
2535_1151,01,0.0,0.0,0.0,0.0,0.0,0.0,,,,,,,,
2535_1151,02,0.0,0.0,0.0,0.0,0.0,0.0,,,,,,,,
2535_1151,03,0.0,0.0,0.0,0.0,0.0,0.0,,,,,,,,
2535_1151,04,0.0,0.0,0.0,0.0,0.0,0.0,,,,,,,,
2535_1151,10,0.0,0.0,0.0,0.0,0.0,0.0,,,,,,,,
2535_1151,11,0.0,0.0,0.0,0.0,0.0,0.0,,,,,,,,
2535_1151,12,0.0,0.0,0.0,0.0,0.0,0.0,,,,,,,,
2535_1151,13,0.0,0.0,0.0,0.0,0.0,0.0,,,,,,,,
2535_1151,14,0.045,1.0,0.0,6.682499999999999,5.569771791994015,3.7221713429757037,,,,,,,,
2535_1151,20,0.0,0.0,0.0,0.0,0.0,0.0,,,,,,,,
2535_1151,21,0.0,0.0,0.0,0.0,0.0,0.0,,,,,,,,
2535_1151,22,0.0,0.0,0.0,0.0,0.0,0.0,,,,,,,,
2535_1151,23,0.015,1.0,0.0,6.7475,9.12004446091145,6.102772576575524,,,,,,,,
2535_1151,24,9.19,2.2652339935302734,1.0266307592391968,44.324999999999996,8.075296108291033,6.666626394529087,0.44275606,0.38145223,0.15206242,,0.9330802,0.9952067,0.97098124,
2535_1151,30,0.0,0.0,0.0,0.0,0.0,0.0,,,,,,,,
2535_1151,31,0.0,0.0,0.0,0.0,0.0,0.0,,,,,,,,
2535_1151,32,2.5250000000000004,3.2871286869049072,1.1443934440612793,4.775,4.809947643979058,2.921486657585923,,,,,,,,
2535_1151,33,4.68,3.5897436141967773,1.482253074645996,26.395000000000003,7.254404243227884,5.2932803657085135,0.64725,0.75174385,0.61061835,,0.90391564,0.9745487,0.9047669,
2535_1151,34,3.26,1.2615031003952026,0.6563910841941833,28.78,10.38985406532314,8.572131578436139,0.7032019,0.75167835,0.5585128,,0.97022426,0.9996393,0.97227645,
2535_1151,40,0.0,0.0,0.0,0.0,0.0,0.0,,,,,,,,
2535_1151,41,0.0,0.0,0.0,0.0,0.0,0.0,,,,,,,,
2535_1151,42,6.1975,5.37515115737915,1.7140368223190308,9.34,8.967344753747323,6.663083763610352,,,,,,,,
2535_1151,43,1.4874999999999998,1.956302523612976,1.1630616188049316,21.6025,7.246152065733133,5.43066505750518,0.43022087,0.5295111,0.41133207,,0.9719267,0.9991816,0.96852934,
2535_1151,44,1.555,1.377813458442688,0.7588850259780884,26.064999999999998,8.072223287934012,6.332849994494622,0.5951655,0.7564628,0.5658732,,0.965894,0.9994545,0.969068,
2535_1152,00,0.0,0.0,0.0,6.4125000000000005,8.054970760233918,5.195336382357806,,,,,,,,
2535_1152,01,8.622499999999999,11.527978897094727,4.585691928863525,37.957499999999996,9.313771981821775,6.325175906295205,0.48820958,0.59855425,0.43697578,,0.95619124,0.99087745,0.96374714,
2535_1152,02,16.8225,12.209095001220703,3.904203176498413,12.885,5.206829646876213,3.3859120466065633,0.7708554,0.8633635,0.6723748,,0.8607466,0.95163906,0.78432786,
2535_1152,03,6.135,4.2693562507629395,2.221895456314087,17.275,3.55643994211288,3.1010359228608615,0.7565069,0.8113513,0.73503935,,0.932955,0.9897001,0.94168854,
2535_1152,04,3.2724999999999995,4.119938850402832,1.8133217096328735,19.555,6.878931219636922,5.083153447690579,0.70842326,0.77211756,0.71097744,,0.9517683,0.99704283,0.97124165,
2535_1152,10,5.0375000000000005,6.681885719299316,6.624006271362305,38.055,8.099001445276574,5.9530297264107155,,,,,,,,
2535_1152,11,10.780000000000001,6.351809024810791,3.648242235183716,27.500000000000004,7.189363636363637,5.879877515309423,0.4156025,0.45702434,0.33420253,,0.9374809,0.99252176,0.9519391,
2535_1152,12,15.625,10.036479949951172,5.107511043548584,20.625,3.832,2.5552121894929454,0.62800264,0.7277852,0.5651693,,0.88990253,0.9667127,0.8757022,
2535_1152,13,11.1125,14.571428298950195,5.3917107582092285,27.334999999999997,5.272910188403146,4.613819159432172,0.5090973,0.73622024,0.508451,,0.807336,0.97381246,0.786726,
2535_1152,14,14.295,4.838754653930664,2.661283493041992,32.7125,4.405196790217807,3.659438481184609,0.42795217,0.62067795,0.42776632,,0.87678003,0.9926429,0.950386,
2535_1152,20,18.509999999999998,7.855888843536377,8.310357093811035,22.6375,5.766096079514081,3.9643440008234405,,,,,,,,
2535_1152,21,23.235,8.664299964904785,4.951743125915527,18.982499999999998,4.1532990912682735,3.102862730770735,0.549406,0.67839915,0.46057856,,0.84006834,0.9038876,0.7542644,
2535_1152,22,10.9775,4.047597408294678,1.6870272159576416,31.582500000000003,4.712894799335075,3.9723144380264035,0.49454445,0.6535834,0.45167089,,0.8602456,0.9523277,0.8380642,
2535_1152,23,0.0,0.0,0.0,35.972500000000004,4.429494752936271,3.587916904266676,0.4130946,0.59510213,0.41967416,,0.9128363,0.99903464,0.979295,
2535_1152,24,19.302500000000002,8.654448509216309,6.175539970397949,24.7975,4.034479282185704,3.474566007571466,0.53907716,0.6330515,0.45814693,,0.82523596,0.9548071,0.8439018,
2535_1152,30,6.140000000000001,8.640472412109375,5.426423072814941,30.8275,6.545211256183602,4.851651721655633,,,,,,,,
2535_1152,31,13.462499999999999,12.911606788635254,5.036172389984131,28.197499999999998,6.1544463161627805,5.164420918021545,0.4307028,0.62770784,0.37762904,,0.7602514,0.9103043,0.74034494,
2535_1152,32,2.3025,9.09880542755127,5.623744487762451,35.745,4.7920688208141,4.168996304428606,0.42563677,0.62425995,0.41644686,,0.91131467,0.99847233,0.9848739,
2535_1152,33,21.4675,12.619075775146484,6.018226623535156,26.137500000000003,5.342515542802487,4.06906482559268,0.25149623,0.5102527,0.27667433,,0.7158709,0.90598553,0.7157394,
2535_1152,34,22.075,9.391392707824707,6.850179195404053,26.640000000000004,6.183370870870871,5.215762209305209,0.57223445,0.7047062,0.48718092,,0.8110776,0.9365861,0.7846049,
2535_1152,40,0.9625,3.8129870891571045,1.8421720266342163,21.97,7.034592626308602,6.002497999208028,,,,,,,,
2535_1152,41,7.1775,4.527342319488525,1.9884377717971802,44.2125,7.122420130053718,5.470727925304601,0.34897107,0.4842866,0.28895494,,0.9327078,0.99571836,0.94608736,
2535_1152,42,7.12,7.494030952453613,3.92145037651062,49.185,7.304818542238487,5.736669150213889,0.3629172,0.4895027,0.29159406,,0.94104564,0.99060875,0.88270456,
2535_1152,43,17.102500000000003,9.770939826965332,4.5382304191589355,28.317500000000003,6.7164297695771165,5.259649763716512,0.3518628,0.49911153,0.2972096,,0.81401205,0.95348185,0.7554376,
2535_1152,44,22.7025,11.762471199035645,6.987306118011475,10.022499999999999,3.594412571713644,2.487610349028212,0.5906546,0.7017756,0.44055414,,0.83789027,0.9285749,0.709289,
